{
  "train_loss": [
    1.5898599125332302,
    1.2141276618321737,
    1.0514968917634753,
    0.9575923548592461,
    0.8860000225702922,
    0.8411318427615696,
    0.7987443076557583,
    0.768933513906267,
    0.7368427023569742,
    0.7085620631747775,
    0.6859929202609591,
    0.6672903303676181,
    0.6436891672346327,
    0.6264637264781528,
    0.6064655588997735,
    0.5889052582422892,
    0.5741620356983609,
    0.5597024803161621,
    0.5427360206127166,
    0.5350218469619751,
    0.5236043117788103,
    0.5182874127917819,
    0.5118417615148756,
    0.507374474896325,
    0.5047725949393378
  ],
  "val_loss": [
    1.2955445686340332,
    1.0662066873550415,
    0.9564193309783936,
    0.9004573099136353,
    0.9364538244247437,
    0.8650832824707031,
    0.7847713958740234,
    0.7551601387023926,
    0.7149380105018616,
    0.7132624795913697,
    0.6947982679367065,
    0.6904397024154663,
    0.6483937484741211,
    0.6549831349372863,
    0.6327754380226135,
    0.6092161785125733,
    0.612023107624054,
    0.6114508718490601,
    0.5962156938552856,
    0.5805053901672363,
    0.5847786850452423,
    0.5814135090827942,
    0.5739148904800415,
    0.5779593728542328,
    0.5771637865066528
  ],
  "train_acc": [
    0.4501555555449592,
    0.6268444444550408,
    0.6993777777777778,
    0.7385111111429002,
    0.7698666667090522,
    0.7873999999788073,
    0.8046666666984558,
    0.8146444444232517,
    0.8294888888994852,
    0.8399333333121406,
    0.8488000000423855,
    0.8575111111534967,
    0.865,
    0.8716222221798366,
    0.8798000000317892,
    0.8856444444550409,
    0.8934888888888889,
    0.8983333333757189,
    0.9038000000423855,
    0.9082000000105964,
    0.9131555555873447,
    0.9148888888782926,
    0.9161777777989706,
    0.9196222222434149,
    0.9192666666772631
  ],
  "val_acc": [
    0.5814,
    0.6788,
    0.7316,
    0.7636,
    0.7488,
    0.7746,
    0.8022,
    0.8134,
    0.8282,
    0.8288,
    0.8392,
    0.8428,
    0.8494,
    0.852,
    0.8628,
    0.8728,
    0.872,
    0.8722,
    0.8784,
    0.8814,
    0.8816,
    0.8832,
    0.8878,
    0.8836,
    0.8846
  ]
}