{
  "train_loss": [
    1.5331413031895955,
    1.0605112939516703,
    0.8994652956220839,
    0.811521683163113,
    0.7519088485081991,
    0.7124536955515544,
    0.6795780064476861,
    0.6590902736557854,
    0.6354497335010104,
    0.6204952114317153,
    0.6072307545132107,
    0.6002783190833197,
    0.5896896105236478,
    0.5821286440743341,
    0.5811385668118795,
    0.575390663295322,
    0.5732638899379306,
    0.5710410044352213,
    0.5691432287004259,
    0.5688056112501356
  ],
  "val_loss": [
    1.1296022678375244,
    0.9157948224067688,
    0.8144062499046326,
    0.7501808421134949,
    0.7004981981277466,
    0.6721341640472412,
    0.647095410823822,
    0.6346990620613098,
    0.6206212730407715,
    0.6129476458072662,
    0.6030278655052185,
    0.5986776903152465,
    0.5930249037265778,
    0.5895321135997772,
    0.5869274468898773,
    0.5865780764102936,
    0.5842609605789184,
    0.58477265625,
    0.5839129323482514,
    0.583401430606842
  ],
  "train_acc": [
    0.49348888891008164,
    0.6957111111005148,
    0.7653555555979411,
    0.8022222222646077,
    0.8245555555449592,
    0.8390666666560703,
    0.8539333333121406,
    0.8632444444762336,
    0.8730222222116258,
    0.8799555555237664,
    0.8835111110899183,
    0.8868222222540114,
    0.8913777777989705,
    0.8940888889206781,
    0.8956222222328186,
    0.8955111111217074,
    0.8980222222540114,
    0.898911111079322,
    0.8988666666348776,
    0.9008444444762336
  ],
  "val_acc": [
    0.6646,
    0.749,
    0.7968,
    0.823,
    0.845,
    0.8548,
    0.8696,
    0.8736,
    0.8782,
    0.8822,
    0.8852,
    0.888,
    0.89,
    0.892,
    0.8918,
    0.8916,
    0.8918,
    0.8918,
    0.8902,
    0.893
  ]
}