{
  "train_loss": [
    3.7411792560153536,
    2.303016889826457,
    2.3028761898040773,
    2.3028871845245362,
    2.302839402601454,
    2.3027686667548286,
    2.3027434121025934,
    2.302716715198093,
    2.3027415860070124
  ],
  "val_loss": [
    2.303560223388672,
    2.3030131855010985,
    2.3026188842773436,
    2.302635642623901,
    2.3030011024475097,
    2.302650247192383,
    2.302886854171753,
    2.302831460952759,
    2.3028223777770997
  ],
  "train_acc": [
    0.11926666666666667,
    0.09682222222619587,
    0.09811111111376021,
    0.10104444444974263,
    0.09908888889418709,
    0.10013333333465788,
    0.09751111111243566,
    0.09795555555754237,
    0.09953333333532015
  ],
  "val_acc": [
    0.0946,
    0.0946,
    0.1046,
    0.0946,
    0.0946,
    0.0966,
    0.0946,
    0.0946,
    0.0946
  ]
}